{"proxies":{"ti.immersivemode.ImmersivemodeModule":{"superPackageName":"org.appcelerator.kroll","methods":{"showSystemUI":{"runOnUiThread":false,"hasInvocation":false,"args":[],"apiName":"showSystemUI","converter":"org.appcelerator.kroll.KrollConverter","defaultValueProvider":"org.appcelerator.kroll.KrollConverter","name":"__default_name__","returnType":"void"},"setStatusBarColor":{"runOnUiThread":false,"hasInvocation":false,"args":[{"converter":"org.appcelerator.kroll.KrollConverter","defaultValueProvider":"org.appcelerator.kroll.KrollConverter","name":"color","sourceName":"color","type":"java.lang.String"}],"apiName":"setStatusBarColor","converter":"org.appcelerator.kroll.KrollConverter","defaultValueProvider":"org.appcelerator.kroll.KrollConverter","name":"__default_name__","returnType":"void"},"setNavigationBarColor":{"runOnUiThread":false,"hasInvocation":false,"args":[{"converter":"org.appcelerator.kroll.KrollConverter","defaultValueProvider":"org.appcelerator.kroll.KrollConverter","name":"color","sourceName":"color","type":"java.lang.String"}],"apiName":"setNavigationBarColor","converter":"org.appcelerator.kroll.KrollConverter","defaultValueProvider":"org.appcelerator.kroll.KrollConverter","name":"__default_name__","returnType":"void"},"setSticky":{"runOnUiThread":false,"hasInvocation":false,"args":[{"converter":"org.appcelerator.kroll.KrollConverter","defaultValueProvider":"org.appcelerator.kroll.KrollConverter","name":"sticky","sourceName":"sticky","type":"java.lang.Boolean"}],"apiName":"setSticky","converter":"org.appcelerator.kroll.KrollConverter","defaultValueProvider":"org.appcelerator.kroll.KrollConverter","name":"__default_name__","returnType":"void"},"hideSystemUI":{"runOnUiThread":false,"hasInvocation":false,"args":[],"apiName":"hideSystemUI","converter":"org.appcelerator.kroll.KrollConverter","defaultValueProvider":"org.appcelerator.kroll.KrollConverter","name":"__default_name__","returnType":"void"}},"superProxyBindingClassName":"org.appcelerator.kroll.KrollModuleBindingGen","proxyClassName":"ImmersivemodeModule","proxyAttrs":{"propertyAccessors":[],"fullAPIName":"Immersivemode","name":"Immersivemode","proxyClassName":"ti.immersivemode.ImmersivemodeModule","isTopLevel":false,"id":"ti.immersivemode"},"packageName":"ti.immersivemode","sourceName":"ti.immersivemode.ImmersivemodeModuleBindingGen","isTitaniumSdk":false,"superProxyClassName":"KrollModule","isModule":true,"genClassName":"ImmersivemodeModuleBindingGen","onAppCreate":"onAppCreate"}},"modules":{"ti.immersivemode.ImmersivemodeModule":{"apiName":"Immersivemode"}}}